<annotation><folder>VOC2014</folder><filename>313.jpg</filename><source><database>Unknown</database></source><size><width>435</width><height>653</height><depth>3</depth></size><segmented>0</segmented><object><name>NineDash</name><bndbox><xmin>125</xmin><ymin>275</ymin><xmax>165</xmax><ymax>344</ymax></bndbox></object><object><name>NineDash</name><bndbox><xmin>247</xmin><ymin>167</ymin><xmax>284</xmax><ymax>213</ymax></bndbox></object><object><name>NineDash</name><bndbox><xmin>388</xmin><ymin>165</ymin><xmax>419</xmax><ymax>216</ymax></bndbox></object><object><name>NineDash</name><bndbox><xmin>589</xmin><ymin>196</ymin><xmax>621</xmax><ymax>252</ymax></bndbox></object></annotation>