<annotation><folder>VOC2014</folder><filename>639.jpg</filename><source><database>Unknown</database></source><size><width>313</width><height>600</height><depth>3</depth></size><segmented>0</segmented><object><name>NineDash</name><bndbox><xmin>434</xmin><ymin>47</ymin><xmax>587</xmax><ymax>263</ymax></bndbox></object><object><name>NineDash</name><bndbox><xmin>265</xmin><ymin>61</ymin><xmax>390</xmax><ymax>243</ymax></bndbox></object><object><name>NineDash</name><bndbox><xmin>41</xmin><ymin>113</ymin><xmax>163</xmax><ymax>269</ymax></bndbox></object></annotation>