<annotation><folder>VOC2014</folder><filename>702.jpg</filename><source><database>Unknown</database></source><size><width>300</width><height>300</height><depth>3</depth></size><segmented>0</segmented><object><name>NineDash</name><bndbox><xmin>241</xmin><ymin>179</ymin><xmax>274</xmax><ymax>231</ymax></bndbox></object><object><name>NineDash</name><bndbox><xmin>202</xmin><ymin>195</ymin><xmax>218</xmax><ymax>232</ymax></bndbox></object><object><name>NineDash</name><bndbox><xmin>189</xmin><ymin>188</ymin><xmax>221</xmax><ymax>234</ymax></bndbox></object><object><name>NineDash</name><bndbox><xmin>240</xmin><ymin>176</ymin><xmax>276</xmax><ymax>234</ymax></bndbox></object></annotation>